Version,alpha,n_dense,loss,SizeFP16(MB),train_accuracy,val_accuracy,val_AUC,val_macrof1,val_precision,val_recall,OptTR,OptFT,lr_TR,lr_FN
V1,0.5,256,BCE,1.871,0.841,0.8170000000000001,0.9420000000000001,-1.0,-1.0,-1.0,Adam,RMSProp,0.0001,1e-05
V2,0.5,256,BCE,2.031,0.8590000000000001,0.83,0.9520000000000001,-1.0,-1.0,-1.0,Adam,RMSProp,0.0001,1e-05
V2,0.35,256,BCE,1.465,0.8440000000000001,0.8290000000000001,0.9490000000000001,-1.0,-1.0,-1.0,Adam,RMSProp,0.0001,1e-05
V2,0.35,256,macro_double_soft_f1,1.465,0.917,0.9209999999999999,-1.0,0.8809999999999999,0.889,0.879,Adam,RMSProp,0.0001,1e-05
V2,0.35,256,binary_crossentropy,1.465,0.9081718325614928,0.915366530418396,-1.0,0.8707728981971741,0.8943063616752625,0.8519628643989563,Adam,RMSProp,0.0001,1e-05
V2,0.35,128,macro_double_soft_f1,1.144,0.9171379804611206,0.9208725690841675,-1.0,0.8785844445228577,0.8917099833488464,0.8735390901565552,Adam,RMSProp,0.0001,1e-05
V2,0.35,64,macro_double_soft_f1,0.984,0.9212334752082825,0.9223006367683411,-1.0,0.8778635859489441,0.8909808397293091,0.8792328238487244,Adam,RMSProp,0.0001,1e-05
