Version,alpha,n_dense,loss,SizeFP16(MB),train_accuracy,val_accuracy,val_AUC,val_macrof1,val_precision,val_recall,OptTR,OptFT,lr_TR,lr_FN
V1,0.5,256,BCE,1.871,0.841,0.817,0.942,-1.0,-1.0,-1.0,Adam,RMSProp,0.0001,1e-05
V2,0.5,256,BCE,2.031,0.859,0.83,0.952,-1.0,-1.0,-1.0,Adam,RMSProp,0.0001,1e-05
V2,0.35,256,BCE,1.465,0.844,0.829,0.949,-1.0,-1.0,-1.0,Adam,RMSProp,0.0001,1e-05
V1,0.35,256,macro_double_soft_f1,1.465,0.8846573233604431,0.8927294611930847,-1.0,0.8393662571907043,0.8509984612464905,0.830086886882782,Adam,RMSProp,0.0001,1e-05
V1,0.35,256,binary_crossentropy,1.465,0.8765450119972229,0.888447105884552,-1.0,0.8320912718772888,0.8611916303634644,0.8013185262680054,Adam,RMSProp,0.0001,1e-05
V1,0.35,128,macro_double_soft_f1,1.144,0.877933144569397,0.8897727131843567,-1.0,0.8336246013641357,0.8475046157836914,0.8243931531906128,Adam,RMSProp,0.0001,1e-05
V1,0.35,64,macro_double_soft_f1,0.984,0.8841219544410706,0.8942592740058899,-1.0,0.8387323021888733,0.8531941175460815,0.832484245300293,Adam,RMSProp,0.0001,1e-05
