Version,alpha,n_dense,loss,SizeFP16(MB),train_accuracy,val_accuracy,val_AUC,val_macrof1,val_precision,val_recall,OptTR,OptFT,lr_TR,lr_FN
V1,0.5,256,BCE,1.871,0.841,0.817,0.942,-1.0,-1.0,-1.0,Adam,RMSProp,0.0001,1e-05
V2,0.5,256,BCE,2.031,0.859,0.83,0.952,-1.0,-1.0,-1.0,Adam,RMSProp,0.0001,1e-05
V2,0.35,256,BCE,1.465,0.844,0.829,0.949,-1.0,-1.0,-1.0,Adam,RMSProp,0.0001,1e-05
V1,0.35,256,macro_double_soft_f1,1.465,0.9151428937911987,0.9353089928627014,-1.0,0.9078736305236816,0.9067552089691162,0.8996421098709106,Adam,RMSProp,0.0001,1e-05
V1,0.35,256,binary_crossentropy,1.465,0.9127130508422852,0.9334146976470947,-1.0,0.9049765467643738,0.9143407344818115,0.8840371966362,Adam,RMSProp,0.0001,1e-05
V1,0.35,128,macro_double_soft_f1,1.144,0.9148091077804565,0.9351168870925903,-1.0,0.9080644249916077,0.9055812358856201,0.9020043015480042,Adam,RMSProp,0.0001,1e-05
V1,0.35,64,macro_double_soft_f1,0.984,0.91536945104599,0.9355488419532776,-1.0,0.9076977372169495,0.9074409008026123,0.9010021686553955,Adam,RMSProp,0.0001,1e-05
V1,0.35,64,macro_double_soft_f1,0.984,0.909120500087738,0.928835391998291,-1.0,0.8979793190956116,0.8971267938613892,0.8911954164505005,Adam,RMSProp,0.0001,1e-05
